Workbook

Sheet Projekt
A1: Bautagebuch – Projektdaten
A2: Gelbe Felder ausfüllen. Gilt für alle Blätter.
A4: Bauvorhaben
A5: Baustellenadresse
A6: Auftraggeber
A7: Auftragnehmer
A8: Bauleiter
A9: Polier
A10: Baubeginn
A11: Geplantes Bauende
A12: Auftrags-Nr.

Sheet Tagebuch
A1: Bautagebuch
A2: Ein Eintrag pro Arbeitstag. Stunden werden automatisch berechnet.
A4: Datum | B4: Wochentag | C4: Wetter | D4: Temp. °C | E4: Beginn | F4: Ende | G4: Pause (h) | H4: Arbeitsstd. | I4: Personal (Anz.) | J4: Personen-std. | K4: Geräte im Einsatz | L4: Ausgeführte Leistungen | M4: Behinderungen / Unterbrechungen | N4: Anordnungen AG / ÖBA | O4: Lieferungen | P4: Bemerkungen | Q4: Kürzel
B5: =IF(A5="","",CHOOSE(WEEKDAY(A5,2),"Montag","Dienstag","Mittwoch","Donnerstag","Freitag","Samstag","Sonntag")) | H5: =IF(OR(E5="",F5=""),"",ROUND((F5-E5)*24-N(G5),2)) | J5: =IF(OR(H5="",I5=""),"",H5*I5)
B6: =IF(A6="","",CHOOSE(WEEKDAY(A6,2),"Montag","Dienstag","Mittwoch","Donnerstag","Freitag","Samstag","Sonntag")) | H6: =IF(OR(E6="",F6=""),"",ROUND((F6-E6)*24-N(G6),2)) | J6: =IF(OR(H6="",I6=""),"",H6*I6)
B7: =IF(A7="","",CHOOSE(WEEKDAY(A7,2),"Montag","Dienstag","Mittwoch","Donnerstag","Freitag","Samstag","Sonntag")) | H7: =IF(OR(E7="",F7=""),"",ROUND((F7-E7)*24-N(G7),2)) | J7: =IF(OR(H7="",I7=""),"",H7*I7)
B8: =IF(A8="","",CHOOSE(WEEKDAY(A8,2),"Montag","Dienstag","Mittwoch","Donnerstag","Freitag","Samstag","Sonntag")) | H8: =IF(OR(E8="",F8=""),"",ROUND((F8-E8)*24-N(G8),2)) | J8: =IF(OR(H8="",I8=""),"",H8*I8)
B9: =IF(A9="","",CHOOSE(WEEKDAY(A9,2),"Montag","Dienstag","Mittwoch","Donnerstag","Freitag","Samstag","Sonntag")) | H9: =IF(OR(E9="",F9=""),"",ROUND((F9-E9)*24-N(G9),2)) | J9: =IF(OR(H9="",I9=""),"",H9*I9)
B10: =IF(A10="","",CHOOSE(WEEKDAY(A10,2),"Montag","Dienstag","Mittwoch","Donnerstag","Freitag","Samstag","Sonntag")) | H10: =IF(OR(E10="",F10=""),"",ROUND((F10-E10)*24-N(G10),2)) | J10: =IF(OR(H10="",I10=""),"",H10*I10)
B11: =IF(A11="","",CHOOSE(WEEKDAY(A11,2),"Montag","Dienstag","Mittwoch","Donnerstag","Freitag","Samstag","Sonntag")) | H11: =IF(OR(E11="",F11=""),"",ROUND((F11-E11)*24-N(G11),2)) | J11: =IF(OR(H11="",I11=""),"",H11*I11)
B12: =IF(A12="","",CHOOSE(WEEKDAY(A12,2),"Montag","Dienstag","Mittwoch","Donnerstag","Freitag","Samstag","Sonntag")) | H12: =IF(OR(E12="",F12=""),"",ROUND((F12-E12)*24-N(G12),2)) | J12: =IF(OR(H12="",I12=""),"",H12*I12)
B13: =IF(A13="","",CHOOSE(WEEKDAY(A13,2),"Montag","Dienstag","Mittwoch","Donnerstag","Freitag","Samstag","Sonntag")) | H13: =IF(OR(E13="",F13=""),"",ROUND((F13-E13)*24-N(G13),2)) | J13: =IF(OR(H13="",I13=""),"",H13*I13)
B14: =IF(A14="","",CHOOSE(WEEKDAY(A14,2),"Montag","Dienstag","Mittwoch","Donnerstag","Freitag","Samstag","Sonntag")) | H14: =IF(OR(E14="",F14=""),"",ROUND((F14-E14)*24-N(G14),2)) | J14: =IF(OR(H14="",I14=""),"",H14*I14)
B15: =IF(A15="","",CHOOSE(WEEKDAY(A15,2),"Montag","Dienstag","Mittwoch","Donnerstag","Freitag","Samstag","Sonntag")) | H15: =IF(OR(E15="",F15=""),"",ROUND((F15-E15)*24-N(G15),2)) | J15: =IF(OR(H15="",I15=""),"",H15*I15)
B16: =IF(A16="","",CHOOSE(WEEKDAY(A16,2),"Montag","Dienstag","Mittwoch","Donnerstag","Freitag","Samstag","Sonntag")) | H16: =IF(OR(E16="",F16=""),"",ROUND((F16-E16)*24-N(G16),2)) | J16: =IF(OR(H16="",I16=""),"",H16*I16)
... B204: =IF(A204="","",CHOOSE(WEEKDAY(A204,2),"Montag","Dienstag","Mittwoch","Donnerstag","Freitag","Samstag","Sonntag")) | H204: =IF(OR(E204="",F204=""),"",ROUND((F204-E204)*24-N(G204),2)) | J204: =IF(OR(H204="",I204=""),"",H204*I204)

Sheet Auswertung
A1: Auswertung
A2: Automatisch aus dem Blatt Tagebuch.
A4: Dokumentierte Arbeitstage | B4: =COUNT(Tagebuch!A5:A204)
A5: Summe Arbeitsstunden | B5: =SUM(Tagebuch!H5:H204)
A6: Summe Personenstunden | B6: =SUM(Tagebuch!J5:J204)
A7: Tage mit Regen/Starkregen | B7: =COUNTIF(Tagebuch!C5:C204,"Regen")+COUNTIF(Tagebuch!C5:C204,"Starkregen")
A8: Tage mit Schnee/Frost | B8: =COUNTIF(Tagebuch!C5:C204,"Schnee")+COUNTIF(Tagebuch!C5:C204,"Frost")
A9: Tage mit Behinderungen | B9: =COUNTIF(Tagebuch!M5:M204,"?*")
A10: Tage mit Anordnungen AG | B10: =COUNTIF(Tagebuch!N5:N204,"?*")
